year,ege_budg,total_income
2013,63.03,1183805.084
2014,57.6,1258764.5
2015,58.58,1192261.0
2016,60.76,760364.6
2017,61.82,741335.0
2013,66.89,491475.712
2014,62.26,536624.2
2015,62.58,541536.6
2016,64.56,535494.3
2017,64.85,528212.1
2013,63.62,1183811.508
2014,60.65,1253954.4
2015,60.49,1133107.4
2016,60.15,1123442.4
2017,61.95,1114642.0
2013,72.76,1241514.834
2014,67.55,1190495.9
2015,68.21,1416727.2
2016,70.04,1750415.7
2017,69.49,1629199.2
2013,56.9,810646.85
2014,58.31,848031.5
2015,57.5,883140.7
2016,60.35,811453.6
2017,61.23,802098.3
2013,60.0,305758.82
2014,58.54,315271.5
2015,57.11,315783.5
2016,59.8,277414.2
2017,58.2,315949.0
2013,51.82,284913.47199999995
2014,50.4,288189.5
2015,50.45,255862.4
2016,50.75,227379.9
2017,51.58,230284.8
2013,63.26,324684.126
2014,63.32,359865.9
2015,63.86,368176.5
2016,67.42,366844.4
2017,66.25,363830.7
2013,63.27,1088136.0
2014,61.59,1199153.4
2015,63.06,925621.1
2016,64.68,893238.5
2017,66.02,1003187.8
2013,72.23,1317194.76
2014,68.76,1391439.4
2015,71.06,1461731.0
2016,72.24,1440394.9
2017,73.15,1318474.9
2013,63.64,857218.1075
2014,65.7,916648.8
2015,66.93,971308.8
2016,68.86,1132745.6
2017,68.42,1324286.7
2013,63.0,953815.7819999999
2014,59.74,1028518.9
2015,61.61,995990.2
2016,63.04,1070956.4
2017,64.78,1070590.7
2013,68.35,1419709.2
2014,64.23,1597272.3
2015,65.36,1527050.5
2016,67.19,1656207.9
2017,68.04,1570378.5
2013,72.39,1384141.934
2014,62.54,1604247.4
2015,62.61,1465362.3
2016,62.51,1434874.2
2017,64.86,1548156.6
2013,71.93,3167639.592
2014,65.76,3065723.9
2015,68.47,3183637.4
2016,70.04,2837909.4
2017,69.03,2927744.9
2013,58.22,250425.742
2014,59.74,236832.3
2015,61.85,208288.4
2016,65.68,180648.0
2017,59.59,188887.0
2013,53.97,469310.39999999997
2014,55.32,488382.9
2015,56.81,501685.9
2016,58.97,413620.5
2017,60.38,478467.9
2013,56.66,662651.4195000001
2014,57.98,795037.7
2015,60.45,643424.9
2016,55.12,658758.0
2017,54.73,585367.5
2013,61.63,321124.792
2014,54.38,329924.5
2015,56.05,328925.1
2016,53.67,284893.3
2017,56.45,291064.5
2013,67.39,454745.02200000006
2014,59.34,584051.2
2015,58.97,524803.8
2016,60.08,636536.7
2017,59.63,591504.6
2013,69.29,575376.491
2014,64.42,568081.1
2015,67.1,576912.6
2016,69.33,557175.0
2017,71.37,571466.2
2013,62.23,1148336.22
2014,60.92,988450.7
2015,61.07,1053933.6
2016,61.17,986743.2
2017,62.15,854563.5
2013,67.43,1943902.7850000001
2014,67.99,1837325.7
2015,69.34,1698955.3
2016,69.98,1501951.7
2017,70.42,1465409.1
2013,64.6,1616045.7914999998
2014,61.64,1701960.4
2015,62.75,1711125.6
2016,63.68,1638454.1
2017,63.41,1745623.9
2013,58.82,466440.47599999997
2014,54.84,483336.0
2013,67.21,604142.651
2014,64.71,596409.2
2016,70.15,614125.0
2017,70.84,685177.1
2013,61.01,1193469.564
2014,57.85,1292344.5
2015,58.93,1290643.1
2016,59.67,1841913.1
2017,58.07,2045584.7
2013,69.97,888649.1399999999
2014,65.2,821933.1
2015,64.79,884415.4
2016,64.91,907451.2
2017,67.39,877672.4
2013,58.67,652740.5160000001
2014,59.83,1023589.0
2015,60.45,968269.5
2016,60.0,918543.4
2017,60.85,909078.3
2013,54.62,420622.42799999996
2014,51.57,423720.2
2015,51.99,407968.9
2016,59.13,395895.5
2017,65.08,496547.5
2013,64.02,596221.4875
2014,60.14,626196.8
2015,59.76,668503.0
2016,59.69,659386.4
2017,60.24,665673.6
2013,66.43,881744.304
2014,65.45,985058.6
2013,65.27,297317.34
2014,62.81,428717.2
2015,69.76,484181.3
2016,68.53,481255.8
2017,67.77,493545.3
2013,64.85,1008011.97
2014,58.62,892053.1
2015,61.41,896482.7
2016,65.16,2080022.4
2017,64.31,2147007.8
2013,74.02,1986732.1834999998
2014,70.64,2492805.0
2015,69.74,2316382.0
2016,71.1,2406453.0
2017,70.99,2394011.7
2013,56.91,1074471.112
2014,55.12,1256705.2
2015,52.78,1116114.2
2016,52.89,968393.4
2017,53.89,816633.1
2013,63.36,122461.796
2014,72.48,105535.8
2015,74.67,120710.2
2016,76.12,130516.5
2017,79.63,104200.4
2013,64.83,714177.3099999999
2014,64.26,740711.6
2013,67.91,882119.672
2014,65.72,1016715.1
2015,65.95,1648701.7
2016,66.72,1827987.1
2017,65.76,1745575.0
2013,75.01,174385.455
2014,64.19,223184.4
2015,64.22,234321.9
2016,69.59,229910.2
2017,66.79,262909.0
2013,63.11,217449.056
2014,65.6,257890.7
2015,63.82,260497.3
2016,69.82,282938.0
2017,69.29,283261.8
2013,55.17,598088.527
2014,54.94,615138.6
2015,55.13,582704.9
2016,58.97,573517.9
2017,58.88,484812.7
2013,67.42,102820.552
2014,0.0,109576.1
2013,75.17,343368.68999999994
2014,72.46,402243.6
2014,63.48,133131.9
2013,79.7,117948.145
2014,76.14,146862.4
2015,81.29,203324.4
2016,80.34,222905.0
2017,79.51,260720.1
2013,88.0,258071.58
2014,83.7,373207.5
2015,85.6,868000.9
2016,88.16,786252.7
2017,92.0,800545.1
2013,74.91,4796638.774999999
2014,74.75,6188513.0
2015,79.98,6607417.3
2016,80.96,6392736.2
2017,82.88,5706607.1
2013,80.61,1648959.015
2014,76.2,1703213.4
2015,80.47,1589232.1
2016,77.05,1541052.5
2017,81.39,1578870.5
2013,53.29,657355.296
2014,45.54,724117.6
2015,44.81,678535.6
2016,47.3,652519.3
2017,49.44,670432.5
2013,61.04,706276.022
2014,48.99,716138.1
2015,49.82,694761.6
2016,52.83,535575.7
2017,53.75,547223.0
2013,65.63,581923.2529999999
2014,52.11,603280.4
2015,51.21,607172.8
2016,51.41,574062.4
2017,51.56,453803.1
2013,68.86,1012239.0810000001
2014,55.4,1089445.9
2015,56.01,1102051.1
2016,58.47,1190059.2
2017,59.75,1066932.7
2013,54.2,360556.66800000006
2014,53.05,384321.6
2015,55.49,293488.3
2016,57.24,306453.5
2017,60.06,294165.1
2014,62.28,406059.0
2013,65.54,1790573.5559999999
2014,65.63,1797998.2
2015,62.67,2034669.3
2016,65.42,3118670.7
2017,58.04,3643246.0
2013,58.7,504902.3
2014,60.84,529900.7
2015,60.31,497400.1
2016,62.85,429134.1
2017,61.6,410051.2
2013,69.27,445941.7040000001
2014,69.46,441663.8
2015,63.52,427517.2
2016,65.79,506357.2
2017,66.29,569063.4
2013,60.79,487776.69200000004
2014,58.13,553637.3
2015,60.7,574167.3
2016,60.15,587960.8
2017,60.5,525064.1
2013,69.69,980561.12
2014,66.17,1006839.5
2015,67.57,817612.4
2016,66.7,776621.9
2017,67.09,738363.8
2013,61.16,1550317.758
2014,59.72,1834867.1
2015,62.84,1786597.8
2016,63.35,1222386.0
2017,63.22,1135640.3
2013,70.39,971327.1960000001
2014,62.26,1051610.3
2015,61.53,818952.5
2016,62.1,552462.1
2017,64.59,909467.0
2013,64.26,2807138.04
2014,60.38,2832848.7
2015,60.85,2703241.3
2016,63.92,2486317.3
2017,66.22,2456751.4
2013,66.13,1566694.7880000002
2014,58.71,2138596.7
2015,60.63,1909368.2
2016,65.85,1916307.9
2017,61.9,1971690.6
2013,63.96,1551064.164
2014,53.84,1669029.2
2015,58.8,1506335.7
2016,58.84,1262625.1
2017,63.18,1389370.9
2013,72.96,645016.673
2014,69.9,712377.3
2015,71.35,710401.5
2016,72.26,715059.1
2017,74.1,770381.7
2013,68.24,2387912.2959999996
2014,63.78,2179563.0
2015,68.61,2058957.3
2016,71.49,2073071.1
2017,73.51,2694533.8
2013,65.78,3551420.0525
2014,62.17,3990601.2
2015,61.76,4066207.0
2016,61.16,3361519.5
2017,65.6,3629066.7
2013,67.93,783635.99
2014,63.75,838045.3
2015,65.89,999237.6
2016,66.92,875248.1
2017,69.58,1027532.8
2013,62.47,582837.398
2014,59.61,705720.7
2015,60.36,711355.0
2016,62.34,708941.7
2017,62.18,736182.6
2013,68.45,469675.0080000001
2014,65.36,436284.0
2015,65.18,430602.9
2016,69.18,429435.8
2017,72.31,549077.6
2013,65.8,415939.86
2014,63.8,389797.6
2015,63.06,299320.7
2016,64.34,296660.8
2017,62.07,253400.2
2013,59.71,489597.336
2014,52.03,400211.9
2015,55.97,376673.7
2016,57.75,429703.0
2017,59.1,469686.2
2013,50.09,397372.8
2014,51.61,359558.2
2015,50.24,339405.9
2016,53.09,334981.6
2017,54.4,361273.1
2013,68.05,989704.17
2014,65.36,1150617.0
2015,63.33,1027546.7
2016,68.43,982737.3
2017,67.34,1134890.7
2013,62.97,495584.94200000004
2014,65.48,705236.7
2015,66.94,688740.8
2016,60.86,662144.7
2017,61.13,686201.0
2013,57.76,195434.64
2014,59.1,189219.4
2015,55.48,205375.9
2016,55.85,202350.8
2017,53.79,193352.3
2013,58.65,790139.997
2014,54.23,804087.0
2015,60.2,665059.8
2016,61.21,705966.4
2017,61.53,672351.1
2013,63.48,446666.262
2014,60.63,444694.9
2015,61.54,444179.2
2016,63.41,834459.1
2017,62.54,794515.8
2013,62.63,402605.06
2014,64.56,396084.9
2013,71.94,744271.1709999999
2014,65.23,717115.7
2015,68.06,690176.5
2016,69.38,690827.8
2017,67.97,686359.5
2013,70.08,1203041.816
2014,67.19,1234857.8
2015,69.29,1260781.3
2016,69.35,1322579.1
2017,69.38,1278497.6
2013,73.63,1972426.8214999998
2014,71.51,2058748.8
2015,72.33,2024285.2
2016,74.35,2243262.6
2017,73.61,2317828.4
2013,62.21,971257.203
2014,57.71,955598.1
2015,56.0,921946.0
2016,57.05,869884.6
2017,55.76,890379.8
2013,57.93,672148.114
2014,58.33,680297.1
2015,60.32,590712.1
2016,62.26,578282.2
2017,66.0,599647.0
2013,70.73,1257424.398
2014,65.74,1258255.0
2015,68.28,1162675.2
2016,68.25,1157199.6
2017,66.69,1233826.3
2013,70.91,424339.692
2014,64.88,670251.4
2015,66.7,677666.3
2016,68.45,742911.1
2017,69.39,846896.2
2013,63.26,359893.66
2014,59.21,346015.7
2015,61.18,397098.3
2016,63.6,400352.1
2017,65.75,356523.3
2013,62.51,679165.5665000001
2014,58.66,743945.9
2015,60.83,644441.3
2016,61.17,610503.7
2017,58.48,691958.8
2013,78.27,95920.2
2014,81.42,161729.8
2015,78.0,185163.9
2016,83.22,218995.9
2017,83.0,243412.3
2013,64.95,1202158.3105
2014,65.02,1423623.7
2013,60.95,1979253.675
2014,57.32,1906214.2
2015,60.87,1750056.3
2016,64.32,1696714.2
2017,60.52,1697608.2
2013,60.64,451751.74
2014,50.76,610756.0
2015,56.13,630037.6
2016,54.62,507906.7
2017,55.52,524820.2
2013,62.98,1205085.196
2014,60.8,1134658.7
2015,59.47,1031141.6
2016,60.97,1052058.3
2017,61.07,1144171.4
2013,62.8,765677.26
2014,62.15,751489.5
2015,60.86,989406.0
2016,64.07,811114.0
2017,62.76,831480.3
2013,67.02,520858.184
2014,55.87,637533.9
2015,60.11,491732.6
2016,63.21,514735.3
2017,65.71,548670.2
2013,69.87,2323766.0700000003
2014,62.17,2701835.1
2015,62.78,2152594.5
2016,62.11,2253860.5
2017,65.4,2613649.0
2013,71.57,702911.88
2014,66.7,760804.5
2013,89.87,1569277.384
2014,85.88,1787420.8
2015,86.58,2221611.3
2016,87.05,2145660.4
2017,89.94,2272263.9
2013,65.48,4796403.345
2014,64.51,4089151.6
2015,68.55,5248208.7
2016,70.13,5513408.3
2017,73.54,6535332.6
2013,65.82,1643137.8735
2014,59.54,1932336.6
2015,58.15,1826100.0
2016,59.51,1837447.5
2017,61.89,2112288.6
2013,76.72,674343.46
2014,74.96,829052.9
2015,76.26,805223.9
2016,72.51,825247.7
2017,77.18,864425.1
2013,72.77,2342121.348
2014,71.54,1922917.1
2015,69.97,3125078.5
2016,71.97,4667043.6
2017,77.22,5290911.2
2013,75.26,875387.7900000002
2014,75.62,1221649.2
2013,66.76,1196383.32
2014,56.4,1156436.2
2013,79.96,1702388.815
2014,73.15,2632318.9
2015,74.83,2657070.1
2016,73.52,2929330.2
2017,74.1,3033503.0
2013,86.34,1118651.1840000001
2014,85.48,2042607.0
2015,83.91,1856459.8
2016,85.29,1748038.0
2017,88.52,1562593.8
2013,59.47,271054.125
2014,64.06,266918.7
2015,70.53,317576.3
2016,70.43,290103.1
2017,70.25,371236.4
2013,69.56,3312584.742
2014,64.43,4540535.7
2015,69.82,3681063.7
2016,71.27,3533789.7
2017,72.25,3524982.2
2013,67.67,2642273.664
2014,66.63,2562747.4
2013,92.29,12085399.299999999
2014,80.29,11681669.5
2015,88.72,10883357.9
2016,81.76,10847571.9
2017,83.28,12829506.6
2013,68.06,2803573.4850000003
2014,65.88,1564529.7
2015,65.41,1535071.7
2016,66.88,1482080.3
2017,67.08,1237861.6
2013,82.7,844767.42
2014,77.51,1202145.6
2013,69.54,628159.7655
2014,66.35,765223.3
2015,64.69,782617.0
2016,65.99,636602.9
2017,69.83,814029.7
2013,66.91,990192.32
2014,67.25,969284.9
2015,68.03,1290597.6
2016,67.32,1288618.0
2017,67.92,1525060.1
2013,59.09,838905.252
2014,54.1,1214585.7
2013,73.0,617014.0140000001
2014,74.11,550104.7
2013,69.59,1150056.5999999999
2014,66.58,1078745.0
2016,71.21,637387.5
2017,59.66,665472.0
2013,65.66,1219875.552
2014,68.18,1249603.5
2013,68.96,1143529.506
2014,73.5,1591481.8
2015,71.72,1439550.8
2016,73.47,1314333.4
2017,74.03,1218340.0
2013,73.82,490098.51
2014,69.9,736472.1
2015,71.18,647639.4
2016,75.32,535253.3
2017,75.01,614306.3
2013,75.47,2031001.5439999998
2014,73.21,2345676.4
2015,73.39,3640150.3
2016,70.0,3595342.0
2017,70.81,3800412.2
2013,94.99,4468833.56
2014,93.83,5323372.8
2015,96.31,6323040.9
2016,96.78,6497365.3
2017,95.13,6444418.3
2013,70.28,4448805.055
2014,64.63,4773843.5
2015,67.88,4395179.1
2016,68.53,4000459.0
2017,72.8,4693029.1
2013,70.61,421031.8979999999
2014,66.73,422350.6
2015,65.57,418238.8
2016,67.65,450587.4
2017,65.18,534310.0
2013,63.61,225172.7205
2014,65.39,414987.7
2015,68.78,332610.9
2016,72.87,345047.4
2017,72.05,332324.5
2013,87.07,6486660.180000001
2014,86.39,5810483.9
2015,88.65,5694354.5
2016,89.87,5216843.8
2017,90.52,5032908.8
2013,68.78,863539.1404999999
2014,65.62,886265.5
2015,65.3,886019.1
2016,66.32,899696.3
2017,67.25,865892.0
2013,86.47,336793.83
2014,83.31,331967.8
2015,83.5,308180.8
2016,83.98,316327.0
2017,88.2,333079.0
2013,68.48,608581.1655000001
2014,67.6,635573.8
2015,69.61,636866.7
2016,70.24,697911.0
2017,71.68,788771.3
2013,66.39,1578347.883
2014,64.73,1814785.1
2015,62.36,1748356.1
2016,66.89,1600572.8
2017,66.3,1845577.0
2013,77.65,4045443.2485
2014,73.67,3917605.3
2015,73.01,4391205.8
2016,73.25,3947206.1
2017,75.1,4323499.4
2014,63.6,245171.2
2013,67.3,1222445.035
2014,62.49,1223893.2
2015,65.31,1179477.6
2016,62.34,1077325.6
2017,62.83,1087468.3
2013,73.83,217965.19999999998
2014,73.13,236046.9
2015,71.97,293616.5
2016,72.19,192776.0
2017,77.13,212264.5
2013,64.88,465699.1605
2014,60.98,521047.0
2015,60.57,510187.1
2016,65.1,496161.4
2017,64.83,518489.7
2013,64.56,1122899.605
2014,62.99,1127340.3
2015,63.71,1066209.2
2016,70.09,1020466.9
2017,71.83,1057510.4
2013,75.79,2062803.885
2014,68.98,2350715.4
2015,68.05,2369533.7
2016,71.76,2127817.3
2017,72.23,2459990.1
2013,86.14,3379861.9400000004
2014,82.42,4823270.4
2015,81.7,4331987.7
2016,83.15,3216993.6
2017,85.31,3187684.1
2013,73.89,740323.475
2014,72.62,769447.6
2015,72.06,749239.5
2016,75.45,772727.8
2017,74.2,780365.6
2013,65.68,351848.27
2014,58.04,336960.1
2015,59.95,319522.0
2016,55.76,316757.8
2017,52.41,319479.2
2013,66.47,222793.344
2014,66.66,222965.2
2013,63.34,674133.977
2014,61.43,675167.1
2015,59.86,685816.5
2016,65.31,613412.3
2017,65.79,647504.7
2013,60.51,1355680.6725
2014,61.64,1507510.6
2015,62.61,1653173.2
2016,65.54,2071344.5
2017,63.03,2022124.6
2013,72.02,1000195.8574999999
2014,67.54,852128.5
2015,66.6,860747.6
2016,63.95,899158.8
2017,66.85,1101666.9
2013,66.71,173262.397
2014,59.4,161960.4
2013,63.82,498438.824
2014,61.73,531002.0
2015,65.16,556451.4
2016,69.02,491270.5
2017,69.91,480340.8
2013,65.82,1928515.186
2014,63.48,2239259.9
2015,64.77,1840044.4
2016,66.78,1508563.0
2017,66.76,1531542.1
2013,67.67,187219.928
2014,60.64,183398.7
2015,59.44,166621.4
2016,0.0,151327.4
2017,0.0,144177.6
2013,67.26,1105815.6735
2014,63.52,903912.5
2013,71.05,821579.2640000001
2014,65.01,818274.1
2015,67.39,823882.6
2016,67.53,1785736.9
2017,67.14,1723550.9
2013,66.43,443368.1205
2014,61.54,451692.4
2015,58.15,438356.4
2016,55.85,403985.6
2017,57.11,429899.1
2013,70.0,1760990.6799999997
2014,64.96,1807685.3
2015,65.9,1798406.6
2016,67.65,1865583.1
2017,69.56,1977714.1
2013,65.79,449698.87200000003
2014,61.99,503560.5
2015,64.19,449572.8
2016,63.06,470556.8
2017,64.29,487698.9
2013,63.96,643017.1745
2014,65.54,676582.4
2015,65.76,521458.0
2016,69.18,521668.8
2017,72.7,524072.4
2013,65.12,4307846.76
2014,64.15,4334054.8
2015,65.07,4025042.3
2016,65.3,3200057.6
2017,69.29,3274000.8
2013,74.24,1620486.867
2014,72.07,2121741.0
2015,73.18,1646618.0
2016,72.51,1804693.6
2017,73.33,1792467.2
2013,67.09,1966464.1870000002
2014,64.93,2012322.9
2015,66.38,1900303.0
2016,67.45,1861376.7
2017,66.28,1611555.7
2013,68.13,477943.88100000005
2014,67.39,552719.7
2015,69.0,558754.6
2016,72.32,608842.5
2017,72.22,659115.7
2013,70.84,378446.60000000003
2014,74.67,341780.2
2015,64.85,284886.5
2016,68.6,235479.6
2017,67.47,206906.2
2013,0.0,36489.5
2014,0.0,53116.6
2015,0.0,37541.1
2016,0.0,34383.4
2017,0.0,56852.1
2013,77.91,627494.5599999999
2014,66.73,629955.8
2015,72.16,639634.3
2016,71.36,597443.5
2017,73.95,558072.0
2013,87.91,2823475.158
2014,84.41,4184149.3
2015,83.54,5757431.6
2016,84.48,5196713.9
2017,87.88,6098734.2
2013,60.34,474843.53700000007
2014,59.78,552413.0
2016,66.0,668522.5
2017,61.14,811486.9
2013,63.89,524830.8820000001
2014,63.15,542683.6
2015,66.17,644193.5
2016,67.29,684755.3
2017,61.78,712003.1
2013,83.41,1810529.084
2014,79.66,1956639.3
2015,80.56,1819253.9
2016,81.18,1923090.7
2017,83.15,2226393.0
2013,73.93,1332021.5335000001
2014,71.79,2288672.4
2015,75.33,2282632.7
2016,75.55,2421234.4
2017,74.75,2584825.5
2013,64.15,818819.3025
2014,63.71,883710.1
2015,67.15,776862.5
2016,68.69,704743.2
2017,68.69,807721.9
2013,71.09,1848330.4395
2014,65.41,1790056.7
2015,68.41,1907586.7
2016,67.47,1884802.9
2017,70.16,2164052.2
2013,69.95,2210710.4699999997
2014,71.02,2618833.9
2015,71.81,2427051.9
2016,72.68,1722550.3
2017,72.32,1723440.7
2013,85.52,3252370.59
2014,79.95,3979740.4
2015,82.68,3876652.1
2016,82.03,4094734.5
2017,82.71,4299321.6
2013,69.3,728810.376
2014,72.19,654657.4
2015,71.74,641603.3
2016,71.94,589523.7
2017,75.33,591132.6
2013,77.77,5465252.8525
2014,76.13,6123236.4
2015,76.22,7753662.3
2016,77.88,8132361.1
2017,79.6,9071005.5
2013,78.68,860155.1155000001
2014,74.0,1558729.0
2015,75.81,1593475.8
2016,77.11,1805775.6
2017,77.48,1989004.3
2013,67.34,836499.7579999999
2014,66.16,937563.0
2013,76.7,705269.612
2014,70.97,805936.0
2015,74.05,845505.9
2016,72.73,891624.8
2017,68.67,903092.5
2013,59.99,365360.916
2014,54.16,432080.7
2015,57.79,392460.3
2016,59.6,401884.3
2017,55.29,443794.9
2013,68.1,1072553.6639999999
2014,68.11,1051652.0
2015,67.0,1016176.5
2016,67.0,956969.7
2017,65.72,654254.8
2013,69.15,562549.092
2014,69.04,619314.5
2015,67.72,615633.8
2016,70.58,680787.8
2017,69.74,723046.7
2013,59.36,615150.755
2014,59.06,670853.2
2015,59.18,728097.3
2016,59.84,729863.4
2017,61.49,833587.1
2013,67.47,301546.2
2014,70.94,365659.8
2015,75.4,453914.5
2016,76.27,347510.6
2017,77.04,466325.5
2013,85.41,3972115.281
2014,83.8,4564831.2
2015,80.02,5613176.1
2016,87.01,5428909.3
2017,90.33,5646750.8
2013,74.35,1153340.295
2014,76.85,1350397.7
2015,74.22,1408575.7
2016,72.7,1568471.0
2017,75.17,1849888.8
2013,73.58,3970602.9549999996
2014,69.76,3431304.6
2015,73.65,4765636.4
2016,74.17,3725050.2
2017,75.88,3538917.9
2013,56.17,1423037.7
2014,53.85,1665315.9
2015,57.99,1610028.2
2016,58.33,1665359.9
2017,62.48,2130942.8
2013,80.06,7295739.6735
2014,76.22,7755290.2
2015,78.71,7171875.5
2016,78.08,7929772.0
2017,79.77,8219020.7
2013,65.5,390195.8775
2014,64.72,395945.5
2013,71.87,1839265.5199999998
2014,70.01,1008365.3
2015,71.7,1272863.1
2016,68.46,970711.1
2017,70.75,1169780.2
2013,84.73,1799336.0880000002
2014,74.23,1503684.2
2015,72.67,1467651.4
2016,72.53,1621886.2
2017,74.06,1825679.5
2013,82.48,1141731.45
2014,79.72,1235168.3
2015,81.82,1230659.0
2016,74.48,1569018.8
2017,75.3,1717088.3
2013,77.76,2458388.6064999998
2014,73.69,1771263.0
2015,75.56,1887241.5
2016,79.25,2111368.2
2017,80.76,2446247.7
2013,78.31,461546.208
2014,76.38,508477.9
2013,66.84,607281.6900000001
2014,62.5,656548.6
2013,72.66,2183217.333
2014,70.64,2439324.7
2015,74.34,3516137.1
2016,73.37,3105765.4
2017,74.26,3301201.1
2013,63.66,1876074.3720000002
2014,59.73,1982691.5
2015,64.13,1881808.0
2016,64.72,2531550.0
2017,64.74,2814217.0
2013,74.19,845640.5099999999
2014,71.57,780292.0
2013,81.24,766389.5599999999
2014,82.29,670153.0
2015,84.31,660260.3
2016,81.25,689161.6
2017,81.02,750616.7
2013,75.96,836214.925
2014,71.63,947828.7
2015,77.31,964094.5
2016,78.77,1058827.9
2017,80.85,1088092.4
2013,65.59,1314896.362
2014,61.33,1318679.2
2015,63.39,1177527.1
2016,63.23,1145996.6
2017,64.04,1390822.6
2013,68.99,2041764.6079999998
2014,65.64,2380019.7
2015,62.9,1933745.5
2016,65.69,2032951.7
2017,66.36,2034218.9
2013,56.18,1106912.905
2014,55.94,1515989.7
2015,59.6,1423225.5
2016,58.51,1153575.5
2017,59.21,1002645.0
2013,54.13,490773.044
2014,54.35,491207.0
2015,56.01,499147.7
2016,57.18,435900.9
2017,56.03,413661.5
2013,66.53,621733.5599999999
2014,53.1,678720.3
2015,53.01,573904.1
2016,54.82,541460.4
2017,52.41,519231.7
2013,67.73,3235505.353
2014,62.33,2821131.6
2015,66.93,2674455.8
2016,69.31,2765080.9
2017,69.16,2076387.1
2013,71.03,784918.8375
2014,58.71,829553.1
2015,60.49,608308.1
2016,63.26,510465.7
2017,63.37,551218.8
2013,63.8,611902.473
2014,65.47,719834.4
2015,64.38,670371.6
2016,54.88,634129.7
2017,54.94,727477.9
2013,68.57,557066.51
2014,65.69,575797.9
2015,63.26,579807.5
2016,66.02,565015.8
2017,65.15,586339.6
2013,67.29,1065206.7370000002
2014,61.9,1785841.4
2015,57.22,1718302.6
2016,59.65,2516650.6
2017,56.9,2623023.7
2013,57.61,687371.8985
2014,55.67,723442.5
2015,53.52,720226.7
2016,58.78,696589.2
2017,57.65,663416.7
2013,57.7,897677.202
2014,57.44,969657.4
2013,66.17,647836.9920000001
2014,66.13,503467.5
2015,65.73,493850.3
2016,69.83,429859.4
2017,69.05,426576.7
2013,66.56,529116.415
2014,65.02,512378.2
2015,66.51,515912.5
2016,65.83,487652.4
2017,66.56,457079.2
2014,64.29,1075565.8
2015,65.62,1013481.3
2016,65.7,1013893.8
2017,64.88,1043968.1
2013,63.03,829992.3450000001
2014,60.92,932451.7
2015,60.03,896857.4
2016,60.16,945229.5
2017,59.0,848528.9
2013,67.31,1088499.555
2014,65.82,1110554.2
2015,67.5,1122636.9
2016,66.75,1186109.4
2017,67.84,1324496.1
2013,57.95,666879.34
2014,55.25,684980.1
2015,59.09,671857.5
2016,58.88,637853.6
2017,59.01,644132.5
2013,67.52,1135435.687
2014,67.37,1203846.5
2015,67.52,1113891.2
2016,67.19,1038102.7
2017,66.82,1017514.0
2013,62.14,1565723.8219999997
2014,58.63,1649301.9
2015,60.5,1912346.6
2016,61.06,1829921.8
2017,62.77,1876606.3
2013,64.96,977274.144
2014,62.0,1006057.5
2015,61.19,991801.9
2016,61.09,1040980.1
2017,61.53,1184270.7
2013,56.71,923112.6170000001
2014,61.0,949189.8
2015,63.05,924923.7
2016,67.21,894266.4
2017,69.67,933801.1
2013,64.26,689578.0920000001
2014,66.09,621395.9
2015,71.02,654810.5
2016,69.6,697277.0
2017,68.4,683091.0
2013,70.45,4256979.576
2014,71.4,4901787.8
2015,73.74,5704293.8
2016,74.52,4403649.9
2017,78.26,4279534.9
2013,67.5,1740218.48
2014,65.77,1691987.6
2015,67.06,1796191.5
2016,68.03,1921937.8
2017,70.58,1913181.9
2013,78.88,6830238.484999999
2014,73.04,6633059.2
2015,75.77,7757869.9
2016,78.28,6019164.2
2017,78.43,5336328.0
2013,68.0,518334.345
2014,64.6,590982.5
2015,65.35,650488.1
2016,64.84,652184.1
2017,66.72,772221.1
2013,68.62,1696658.6160000002
2014,64.41,1859531.6
2015,64.79,1854256.5
2016,65.86,1867268.7
2017,66.47,2029255.7
2013,63.0,676399.392
2014,60.51,735108.1
2015,59.17,708647.6
2016,57.26,708353.3
2017,57.3,698694.7
2013,67.96,785245.53
2014,63.99,826517.5
2013,64.07,3073165.65
2014,58.97,3394504.9
2015,64.27,2935748.7
2016,64.6,3703813.7
2017,66.95,3608959.1
2013,74.03,2007125.4980000001
2014,71.17,2186554.8
2015,67.71,2343241.1
2016,73.47,2898558.8
2017,74.12,2985707.8
2013,65.73,1516458.9795
2014,65.26,1314559.8
2015,66.19,1282818.8
2016,66.14,1399294.7
2017,66.65,1489494.8
2013,65.09,619528.91
2014,63.15,552878.9
2015,67.21,577273.2
2016,68.05,583230.6
2017,69.38,640216.6
2013,61.29,770400.756
2014,60.15,766977.1
2015,61.24,649963.4
2016,63.02,663478.2
2017,65.06,721967.6
2013,66.07,1294734.2715
2014,63.16,1459202.4
2015,63.0,1266449.8
2016,63.74,1286750.4
2017,64.76,1376486.8
2013,76.12,391839.264
2014,74.89,475079.8
2015,76.63,408964.1
2016,75.97,390109.5
2017,77.7,413986.4
2013,92.4,786895.5650000001
2014,87.06,871106.8
2015,85.7,922051.7
2016,85.0,968480.8
2017,83.94,1092681.9
2013,60.91,818791.44
2014,56.82,855733.4
2015,58.52,907941.1
2016,59.53,864197.4
2017,58.75,886918.7
2013,55.38,702666.491
2014,55.54,704246.6
2015,54.53,708185.7
2016,53.16,635496.2
2017,53.69,650132.0
2013,70.97,875487.123
2014,67.8,934388.1
2015,68.72,957156.7
2016,71.83,870770.0
2017,71.76,869258.9
2013,73.47,8349025.517
2014,72.46,8640200.0
2015,71.57,8339895.3
2016,72.46,7972069.6
2017,73.75,8050633.6
2013,75.17,1054561.914
2014,74.51,992888.7
2015,75.39,996047.2
2016,75.23,1132859.9
2017,72.03,1278724.2
2013,58.95,352807.98
2014,53.99,390703.7
2013,70.22,1729258.12
2014,64.6,1941116.5
2015,65.1,1958722.9
2016,67.31,1936738.5
2017,70.1,2075351.3
2013,77.27,1813111.3900000001
2014,72.33,1936391.7
2015,74.02,2006382.7
2016,71.88,2521534.5
2017,75.3,2618327.8
2013,56.87,1422375.1080000002
2014,56.56,1425320.2
2015,58.45,1290176.9
2016,59.75,1130465.9
2017,55.14,1197249.5
2013,71.02,580931.5
2014,69.74,590634.0
2015,68.5,563710.9
2016,71.89,531201.4
2017,72.45,491009.4
2013,64.48,1158142.134
2014,63.24,1083229.3
2015,61.45,985386.9
2016,62.98,900156.7
2017,63.36,948664.3
2013,68.15,686980.9440000001
2014,63.36,714101.5
2015,67.52,787480.8
2016,68.95,814568.3
2017,69.97,844123.0
2013,71.42,1091034.564
2014,69.42,1126988.3
2015,68.42,1169242.8
2016,68.19,1163328.4
2017,68.28,1222521.1
2013,60.48,487120.941
2014,61.38,574523.7
2015,58.18,623876.1
2016,61.89,546675.8
2017,61.45,673904.4
2013,57.35,345416.20800000004
2014,55.23,518397.8
2015,61.98,451932.7
2016,60.65,481704.4
2017,64.68,515603.3
2013,62.04,1398540.29
2014,53.25,1426051.1
2015,51.63,1302777.2
2016,53.28,1330243.7
2017,54.31,1339190.1
2013,59.17,1431029.033
2014,54.9,1397511.5
2015,56.67,1597421.0
2016,57.71,1108854.2
2017,59.04,1228596.1
2013,66.48,467842.70399999997
2014,63.32,535384.4
2015,65.99,511828.6
2016,68.91,464317.6
2017,65.13,484894.5
2013,68.49,1112540.9749999999
2014,69.04,1199304.9
2015,66.4,1289289.0
2016,69.71,1436493.7
2017,63.25,1554522.8
2014,58.15,285610.0
2015,56.94,309622.0
2016,59.19,297325.7
2017,62.51,286438.3
2013,61.84,705526.824
2014,56.76,880373.6
2015,58.31,872934.8
2016,59.87,938697.6
2017,60.46,1057037.8
2013,59.47,1323961.4849999999
2014,53.73,1418118.5
2015,55.94,1377546.3
2016,57.84,1455327.3
2017,59.39,1656103.6
2013,71.36,3221212.976
2014,66.69,3503456.1
2015,65.96,3388730.8
2016,66.0,3574382.4
2017,67.39,3902637.5
2013,75.76,4182762.3720000004
2014,71.32,5920777.9
2015,71.37,5520347.3
2016,73.85,4870149.4
2017,74.25,4978662.1
2013,66.62,613987.6710000001
2014,61.7,1129323.2
2015,68.54,616087.2
2016,69.38,549483.8
2017,70.92,642467.7
2013,59.78,538708.92
2014,58.24,592670.7
2015,60.61,493607.3
2016,62.13,482169.9
2017,61.93,517198.9
2013,75.04,786088.893
2014,73.87,762297.5
2015,74.55,764274.5
2016,73.31,781928.6
2017,74.08,937961.7
2013,70.71,6362951.425000001
2014,64.33,6936239.3
2015,65.07,6091814.1
2016,67.57,8294215.7
2017,66.23,10491925.2
2013,77.77,7214329.657499999
2014,75.1,7342582.6
2015,76.69,7047381.0
2016,79.41,8694769.5
2017,79.61,8690898.8
2013,65.49,7924637.43
2014,66.11,11121923.7
2015,67.87,11462065.1
2016,68.62,10224695.2
2017,69.14,10584559.1
2013,61.03,5742217.470000001
2014,58.31,5573686.5
2015,64.61,4873722.6
2016,64.77,4460859.7
2017,65.49,4553215.7
2013,65.15,722883.0
2014,67.16,722166.9
2015,64.93,678097.7
2016,66.27,937958.5
2017,63.09,820660.8
2013,64.8,3939338.032
2014,64.98,3747714.5
2015,63.82,2515214.0
2016,62.73,2562030.2
2017,64.47,2670180.4
2013,66.0,173864.614
2014,95.0,194079.2
2015,66.4,150244.6
2016,70.0,165670.9
2017,67.3,170273.7
2013,88.36,624445.7625
2014,81.42,780939.9
2015,76.35,896914.2
2016,79.84,964512.8
2017,80.51,1024096.3
2013,71.81,893610.2580000001
2014,65.58,1043160.8
2015,65.58,861038.9
2016,68.31,800790.3
2017,69.14,914521.3
2013,87.82,946999.4600000001
2014,84.52,1014404.0
2015,87.04,1029230.6
2016,84.26,1150618.5
2017,85.19,1221448.1
2013,63.68,729961.232
2014,60.14,831055.5
2015,60.69,715572.5
2016,61.63,705543.3
2017,59.12,724165.2
2013,69.65,991372.0
2014,70.41,1095303.8
2015,71.27,1024573.9
2016,71.35,1137444.0
2017,72.81,1271744.9
2013,70.99,4936357.704
2014,61.89,5242520.0
2015,64.01,5043119.6
2016,63.48,5456816.3
2017,63.5,5653815.9
2013,83.73,1085970.576
2014,79.41,990176.7
2015,82.52,938397.3
2016,82.77,902686.0
2017,84.39,977401.8
2013,60.48,392262.596
2014,65.16,433866.0
2015,63.61,424470.0
2016,63.48,450353.2
2017,64.0,429377.0
2013,95.75,4453996.8785
2014,87.97,4761626.2
2015,90.15,5317869.5
2016,95.71,5550950.3
2017,87.87,6438904.2
2013,85.83,490159.50999999995
2014,75.32,592892.6
2015,76.44,650559.8
2016,73.85,624549.3
2017,75.39,711825.6
2013,80.87,963514.1759999999
2014,77.66,910363.6
2015,75.92,950606.1
2016,76.47,951449.0
2017,75.55,983254.0
2013,74.38,190820.12
2014,73.3,315334.1
2015,64.9,313476.8
2016,66.9,303356.5
2017,69.6,303941.2
2013,69.56,535041.12
2014,64.17,627000.0
2015,65.95,585990.3
2016,66.02,569462.3
2017,67.5,606826.6
2013,78.09,572762.018
2014,73.01,827010.4
2015,73.76,874778.5
2016,75.15,811917.1
2017,77.41,904279.6
2013,71.26,2654506.344
2014,63.02,2748956.7
2015,66.28,2736182.9
2016,67.39,2508186.6
2017,69.48,2777063.9
2013,85.51,2277892.395
2014,79.35,2523019.7
2015,80.41,2485772.5
2016,79.71,2639625.1
2017,57.03,2728224.5
2013,88.2,1479308.3460000001
2014,76.93,1639811.7
2015,79.0,1895696.1
2016,81.24,1968248.7
2017,79.24,2606850.8
2013,85.75,482753.76
2014,78.09,547911.0
2015,82.42,579135.6
2016,81.74,552737.7
2017,81.75,554625.1
2013,87.44,551693.91
2014,80.82,648359.1
2015,83.67,725669.4
2016,81.75,726914.8
2017,81.76,642382.0
2013,82.18,513644.6699999999
2014,77.44,525021.6
2015,77.71,506250.0
2016,77.38,525436.4
2017,76.97,678685.0
2014,84.42,1085931.5
2015,87.51,1168284.7
2016,81.47,1181307.1
2017,89.33,1207850.5
2013,83.53,818161.514
2014,79.95,775356.3
2015,81.29,835080.5
2016,77.5,881999.1
2017,81.31,953423.4
2013,91.5,1346420.8695
2014,80.83,1590117.2
2015,82.71,1620040.5
2016,83.61,1444663.1
2017,83.41,1517119.3
2013,86.75,600190.61
2014,84.02,747307.4
2015,84.48,507847.1
2016,78.17,662687.1
2017,79.02,568185.5
2013,82.9,1341719.2640000002
2014,80.69,1459206.8
2015,82.79,1599831.3
2016,81.03,1727580.5
2017,82.47,1810165.1
2013,70.38,1033585.38
2014,66.45,1246915.8
2015,62.29,1422242.7
2016,64.02,1295176.5
2017,69.94,1322014.8
2013,85.26,973491.6840000001
2014,85.82,988381.1
2015,88.45,1100771.0
2016,85.94,1096209.9
2017,84.85,1211071.5
2013,88.53,3390765.94
2014,84.21,4671331.8
2015,86.38,4514601.7
2016,86.96,4846808.0
2017,88.67,5675327.5
2013,83.09,1111661.3955
2014,72.47,1179665.4
2015,75.3,1395357.9
2016,74.16,1360863.5
2017,73.33,1518775.1
2013,83.04,1357474.398
2014,77.43,1848361.5
2015,75.45,2208305.6
2016,75.83,1896823.7
2017,74.27,2043884.0
2013,69.66,1087808.832
2014,57.46,1103285.3
2015,61.36,818560.2
2016,59.17,826641.7
2017,58.34,785463.0
2013,58.48,1153137.0455
2014,56.3,1064985.2
2015,56.87,1023761.5
2016,56.81,1163280.3
2017,58.07,1197417.7
2013,63.81,985560.3905
2014,61.19,1085168.2
2015,60.34,693039.6
2016,61.82,588557.3
2017,60.01,753148.7
2013,59.84,734926.9619999999
2014,53.16,691718.6
2015,54.78,763285.4
2016,54.64,803282.2
2017,55.68,792870.7
2013,85.72,568095.216
2014,80.0,875185.5
2015,74.11,911040.1
2016,77.29,1006303.7
2017,77.27,1036780.3
2013,88.48,1021731.8800000001
2014,82.51,1111898.1
2015,87.53,1201079.7
2016,82.52,1228160.6
2017,83.15,1218066.1
2013,78.5,539867.941
2014,74.95,593338.8
2015,75.91,620030.2
2016,77.7,591985.9
2017,81.36,612628.9
2013,83.07,482714.75999999995
2014,78.64,501652.7
2015,81.01,538579.3
2016,78.05,527322.6
2017,80.55,473787.8
2013,90.94,3057584.295
2014,85.61,5559852.6
2015,87.34,3474446.2
2016,87.6,3942649.2
2017,76.96,4301448.8
2013,82.06,708902.336
2014,75.69,855145.6
2015,74.16,915329.3
2016,74.11,916619.8
2017,81.63,1012486.6
2013,85.62,586774.12
2014,82.44,1077812.9
2015,85.83,2599135.6
2016,86.61,2866210.5
2017,86.62,3018711.0
2013,81.51,1553280.205
2014,72.13,1671644.7
2015,82.6,1958530.9
2016,81.85,2184427.4
2017,72.31,2317604.9
2013,86.04,1004959.285
2014,77.22,949462.8
2015,75.88,997903.0
2016,81.48,1001019.9
2017,83.27,1034810.4
2013,87.09,792749.152
2014,81.51,835755.5
2015,84.06,896150.1
2016,83.23,1023169.2
2017,83.22,1060284.5
2013,77.18,729346.575
2014,69.64,851163.2
2015,72.88,954683.0
2016,70.42,907592.8
2017,72.29,960848.9
2013,80.04,641235.327
2014,82.51,624372.6
2015,81.44,699293.9
2016,83.06,707882.8
2017,81.27,834814.0
2013,80.14,900119.9950000001
2014,70.6,899437.4
2015,72.57,928855.5
2016,75.85,940327.3
2017,73.1,920190.9
2013,55.59,376160.056
2014,53.96,400845.4
2015,53.66,397077.2
2016,52.83,334261.0
2017,55.46,333075.0
2013,58.86,247343.126
2014,50.36,280451.2
2015,50.07,264250.6
2016,52.29,235382.5
2017,52.79,253923.7
2013,49.8,322720.75800000003
2014,51.0,358138.4
2015,56.62,342427.9
2016,49.49,294575.0
2017,52.65,298454.8
2013,65.11,192803.4
2014,59.26,191324.2
2015,58.58,197750.9
2016,81.09,180771.6
2017,82.48,199777.9
2013,57.99,393237.75049999997
2014,47.53,430844.4
2015,51.81,427560.8
2016,54.48,417372.8
2017,51.02,386358.8
2013,56.21,715770.81
2014,50.48,817434.7
2015,50.79,796041.8
2016,52.18,827306.9
2017,53.15,827323.3
2013,68.46,553413.3439999999
2014,67.81,715350.2
2015,70.06,731930.9
2016,70.99,786917.0
2017,70.45,756510.0
2013,68.52,1414402.1030000001
2014,58.71,3373559.8
2015,59.37,3379125.2
2016,61.34,3265279.8
2017,62.22,3731226.1
2013,55.18,1040065.572
2014,50.7,1015277.6
2015,50.56,982304.8
2016,51.4,971673.0
2017,52.91,970351.6
2013,64.87,1406829.0405000001
2014,57.03,1298333.7
2015,58.78,1052257.3
2016,58.63,981739.4
2017,57.98,969022.9
2013,54.37,442358.39999999997
2014,52.99,417487.9
2015,51.01,424343.3
2016,52.27,376580.3
2017,54.06,354790.3
2013,66.05,155270.18000000002
2014,68.51,167215.4
2015,65.29,174380.6
2016,67.16,234452.8
2017,67.02,228842.5
2013,65.24,765400.6485
2014,71.88,881117.8
2015,74.95,861758.1
2016,79.03,881341.2
2017,83.23,1003680.1
2013,64.24,255827.88
2014,62.3,272452.0
2015,65.46,353963.9
2016,65.58,353572.9
2017,72.68,361341.6
2013,72.14,908177.2000000001
2014,64.69,1135616.7
2015,72.41,1160176.6
2016,76.97,1283257.3
2017,79.46,1218857.8
2013,62.79,520757.80100000004
2014,65.49,715965.4
2015,68.03,731005.1
2016,70.25,736155.6
2017,71.02,728459.2
2013,56.47,871814.4720000001
2014,55.11,949617.0
2015,60.12,975798.5
2016,59.86,1047458.0
2017,59.05,997963.1
2013,58.22,1065261.456
2014,54.56,1160666.4
2015,53.94,953334.9
2016,56.49,1020979.5
2017,57.77,705917.9
2013,72.21,136240.55000000002
2014,70.81,134332.5
2015,76.67,135753.8
2016,68.0,141949.2
2017,74.67,149836.5
2013,74.85,185284.896
2014,87.65,212907.4
2015,87.49,203951.7
2016,81.32,247860.6
2017,82.45,268080.8
2013,65.24,142048.6
2014,58.96,120415.9
2015,62.85,114199.3
2016,69.36,109742.1
2017,66.87,102125.2
2013,87.32,403933.7175
2014,80.41,421689.2
2015,83.91,449386.3
2016,81.78,452782.8
2017,84.49,454697.2
2013,61.31,68636.86
2014,69.86,90333.2
2015,63.6,83143.2
2016,70.0,73835.5
2017,70.0,70521.7
2013,68.76,204282.672
2014,70.81,225911.4
2015,74.96,210933.3
2016,67.91,206590.9
2017,70.34,194081.4
2013,63.02,42999.191999999995
2014,60.8,58276.5
2015,62.3,52031.8
2016,65.4,56398.6
2017,63.9,58504.4
2013,60.95,403758.54000000004
2014,52.59,495295.3
2015,52.99,527178.1
2016,52.51,508649.2
2017,54.62,449625.5
2013,60.0,160772.20900000003
2014,61.0,252988.6
2015,81.76,336898.1
2016,68.2,273381.9
2017,76.71,428826.1
2013,52.41,230578.38399999996
2014,48.4,213712.3
2015,53.65,223929.9
2016,50.94,176629.7
2017,53.58,165688.6
2013,60.33,1028255.2
2014,54.26,1007561.4
2015,56.4,1176772.7
2016,58.77,1037262.8
2017,59.38,1090619.9
2013,56.39,423764.57999999996
2014,53.09,480003.9
2015,53.3,449735.9
2016,54.25,449132.4
2017,55.67,481535.8
2013,70.44,402393.924
2014,67.44,466843.5
2015,69.73,455594.0
2016,70.95,445210.7
2017,73.62,482137.5
2013,58.31,608771.5260000001
2014,59.78,660033.9
2015,56.68,543628.5
2016,54.84,606323.7
2017,56.64,615131.9
2013,57.66,303728.502
2014,50.45,379031.2
2015,61.96,346936.7
2016,50.71,343114.3
2017,54.52,335975.0
2013,48.24,251539.36000000002
2014,54.73,285261.6
2015,53.65,245878.4
2016,50.36,212911.5
2017,52.48,270831.9
2013,63.8,123682.65000000001
2014,64.0,133312.0
2015,65.7,133240.4
2016,67.9,142338.2
2017,0.0,150812.1
2013,57.07,195144.87999999998
2014,54.65,194009.1
2015,51.63,173690.5
2016,51.53,140612.6
2017,51.86,156971.8
2013,58.63,233261.743
2014,57.55,262545.7
2015,57.66,237744.4
2016,61.04,244473.4
2017,60.49,245268.2
2014,54.1,446333.9
2015,51.71,442312.2
2016,52.38,426681.7
2017,54.36,442448.8
2013,50.72,323676.384
2014,53.66,317485.2
2015,54.81,310409.8
2016,52.96,296158.7
2017,55.73,284047.1
2013,75.93,337678.956
2014,69.28,394470.9
2015,74.32,357206.9
2016,72.52,347526.4
2017,76.74,376472.2
2013,65.05,411072.60000000003
2014,55.49,471154.1
2015,59.23,469731.8
2016,59.94,391202.4
2017,55.62,341556.1
2013,62.22,490173.03299999994
2014,54.1,542563.9
2015,54.6,581651.6
2016,55.37,624472.0
2017,57.94,687550.0
2013,60.46,142827.523
2014,64.86,157406.1
2015,63.81,146471.0
2016,71.93,142581.7
2017,68.97,159197.7
2013,53.61,221963.01999999996
2014,51.61,225089.0
2015,54.36,218150.5
2016,54.55,198864.3
2017,55.15,177448.8
2013,69.58,1162971.26
2014,59.55,1164321.7
2015,63.92,1192490.8
2016,64.64,1210401.3
2017,62.24,1147950.2
2013,64.26,72911.5815
2014,65.1,78089.0
2015,68.0,79051.9
2016,63.8,82513.3
2017,63.5,79678.9
2013,66.45,261948.79200000002
2014,64.34,283436.9
2015,63.95,278272.9
2016,65.41,273805.1
2017,69.67,279912.8
2013,54.01,428528.31
2014,54.42,426393.5
2015,52.95,392975.6
2016,52.33,356501.5
2017,55.35,393157.6
2013,53.03,533360.287
2014,52.31,548907.4
2015,50.1,537008.4
2016,0.0,485335.7
2017,52.31,508048.9
2013,53.08,485892.04299999995
2014,54.25,584447.1
2015,54.13,500656.0
2016,52.91,523031.6
2017,55.25,532820.7
2013,55.3,406427.626
2014,52.17,413308.0
2015,54.34,410373.7
2016,53.5,403272.2
2017,54.98,353953.6
2013,54.93,352521.243
2014,52.2,512641.1
2015,49.02,548757.2
2016,48.28,529540.2
2017,50.06,447217.3
2013,53.23,303162.25200000004
2014,53.4,326851.9
2015,64.3,763686.4
2016,52.16,854378.2
2017,54.7,864547.9
2013,61.01,171648.888
2014,60.45,167797.9
2015,64.08,169615.3
2016,67.36,170936.2
2017,66.91,179161.7
2013,56.44,284278.43200000003
2014,49.33,273182.4
2015,52.53,275626.7
2016,50.99,245076.5
2017,53.95,261509.9
2013,48.58,558143.612
2014,48.84,598144.7
2015,49.09,568900.7
2016,50.2,460652.4
2017,50.96,506139.1
2013,65.39,1381944.12
2014,60.25,1342946.8
2015,61.98,1384889.0
2016,58.81,1394722.5
2017,62.51,1417249.7
2014,63.12,202966.6
2015,64.29,209406.4
2016,61.12,169557.0
2017,58.83,188912.8
2013,73.88,672588.1889999999
2014,73.99,733947.2
2015,75.6,730108.8
2016,77.29,1156717.1
2017,76.24,948226.8
2013,47.0,411382.92
2014,47.97,462123.6
2015,49.6,448564.9
2016,50.51,365444.6
2017,53.17,369305.8
2013,65.03,243013.69199999998
2014,66.78,264739.5
2015,70.37,285371.0
2016,69.21,303931.0
2017,68.55,251209.9
2013,57.58,772073.4079999999
2014,53.42,896837.5
2015,53.41,946885.3
2016,55.04,1005628.7
2017,55.27,973026.5
2013,69.96,237547.72
2014,75.99,274836.0
2015,84.55,252789.0
2016,83.45,257118.2
2017,80.0,323656.1
2014,50.45,428500.0
2013,67.12,177955.19999999998
2014,63.83,197812.7
2015,68.88,177624.0
2016,72.51,169784.3
2017,72.89,182024.5
2013,62.62,920204.9999999999
2014,55.18,910653.6
2015,53.25,923277.1
2016,55.45,914139.3
2017,58.51,874343.2
2013,60.11,770812.515
2014,54.87,875128.0
2015,58.76,889470.6
2016,58.35,821944.7
2017,57.73,703652.4
2013,57.81,130230.044
2014,66.07,188325.3
2015,61.19,180331.7
2016,64.81,156377.4
2017,67.57,156056.8
2013,57.71,143674.048
2014,56.92,136907.9
2015,63.34,142233.6
2016,61.6,143611.5
2017,65.39,142981.2
2013,55.26,593884.1590000001
2014,52.41,616960.3
2015,51.96,583415.9
2016,51.81,729545.2
2017,50.79,689147.5
2013,0.0,658478.6085
2014,0.0,396405.4
2015,0.0,437601.6
2016,0.0,337545.1
2017,0.0,298028.6
2013,64.3,1446441.24
2014,60.75,1472247.6
2015,64.42,1566528.4
2016,62.78,1626463.3
2017,65.01,1536490.3
2013,54.82,1075336.449
2014,51.59,1172365.2
2015,54.15,1244363.1
2016,54.12,1518940.4
2017,55.1,1975507.6
2013,50.82,230743.66199999998
2014,51.98,256304.0
2015,50.31,250699.8
2016,46.96,194141.2
2017,48.28,194826.1
2013,86.95,827534.708
2014,80.16,2477059.8
2015,79.67,2927452.2
2016,80.17,4645849.2
2017,79.45,4319725.9
2013,60.1,138373.46600000001
2014,60.93,120162.7
2015,60.19,129935.8
2016,53.99,150056.6
2017,57.26,147005.4
2013,57.66,511227.904
2014,54.56,580973.7
2015,53.33,526836.1
2016,54.44,547461.7
2017,56.09,620048.0
2014,70.51,333832.0
2015,72.06,344459.9
2016,73.82,349212.4
2017,73.51,490835.0
2013,74.96,1253775.0
2014,70.95,1212132.8
2015,71.21,1213105.4
2016,74.52,1208702.5
2017,71.49,1166911.3
2013,82.31,119187.32
2014,69.9,128767.2
2015,74.05,133162.7
2016,83.52,118067.6
2017,76.8,116265.9
2013,67.71,439668.75
2014,67.74,554875.0
2015,68.58,469857.5
2016,70.89,495928.8
2017,73.22,499817.2
2013,86.81,464937.39599999995
2014,79.2,603590.7
2015,73.81,620998.4
2016,73.6,647539.8
2017,78.26,697665.6
2013,78.22,622878.696
2014,69.31,612771.9
2015,65.18,605822.0
2016,67.98,649858.3
2017,70.69,582191.5
2013,71.25,846255.138
2014,71.38,867087.3
2015,75.12,808560.1
2016,74.33,812516.5
2017,77.78,757698.5
2013,64.29,274941.0315
2014,63.56,279509.8
2015,66.95,284227.3
2016,70.36,320755.5
2017,82.93,355623.2
2013,72.04,879971.8240000001
2014,69.75,964490.5
2015,73.21,819284.5
2016,72.42,841538.0
2017,75.04,912086.4
2013,58.43,390320.5310000001
2014,58.5,430879.8
2015,57.21,418195.8
2016,58.85,448547.0
2017,59.54,491493.3
2013,89.72,22100360.767500002
2014,86.29,22597693.6
2015,87.74,23014883.6
2016,88.38,23377539.4
2017,88.91,25418822.6
2013,58.06,1222278.638
2014,60.42,714494.8
2015,57.02,1199309.8
2016,58.14,1094669.3
2017,60.08,675946.8
2013,89.72,797873.8559999999
2014,83.65,812066.3
2015,84.56,854858.3
2016,84.82,957052.8
2017,89.39,1037837.0
2013,59.45,181695.27999999997
2014,68.58,196645.2
2015,65.4,197351.5
2016,62.8,200620.9
2017,76.19,212553.2
2013,62.29,205733.44
2014,62.37,213961.5
2015,60.25,203268.5
2016,63.94,282874.0
2017,68.32,251117.0
2013,85.91,1088197.5459999999
2014,79.82,2066577.8
2015,81.81,2249113.0
2016,82.11,2697462.4
2017,75.05,2810664.8
2013,85.15,2463284.024
2014,76.37,4304528.3
2015,87.19,4117751.0
2016,88.16,4534396.1
2017,88.3,4679855.2
2013,66.99,3534972.672
2014,69.06,3029274.5
2015,65.62,3137292.0
2016,68.62,2975739.1
2017,66.83,1428285.6
2013,56.23,486682.627
2014,51.66,526376.2
2015,53.9,511312.1
2016,53.92,562283.0
2017,56.51,559440.2
2013,54.82,292709.472
2014,54.09,291628.7
2015,57.62,272521.1
2016,59.76,276127.8
2017,62.29,275661.6
2013,69.58,689635.2175
2014,72.31,726372.5
2015,73.67,719394.3
2016,76.88,747274.2
2017,76.8,754077.6
2013,64.66,1148141.84
2014,59.24,1517896.2
2015,64.86,996040.0
2016,66.16,1076219.4
2017,63.96,953132.6
2013,65.67,110249.528
2014,54.12,127554.6
2015,60.1,141233.3
2016,56.19,109142.6
2017,55.17,112470.2
2013,45.48,549285.516
2014,47.25,655515.6
2015,47.62,532620.6
2016,52.27,541173.0
2017,57.18,525152.0
2013,58.59,258002.166
2014,55.72,308074.8
2015,54.81,306524.4
2016,59.16,309289.0
2017,59.08,324828.4
2013,60.77,583389.0
2014,59.63,613803.6
2015,63.72,627080.1
2016,63.97,610235.8
2017,62.18,549938.1
2013,61.6,460896.36
2014,58.24,531877.8
2015,59.14,548621.3
2016,66.75,537001.2
2017,63.0,531877.5
2013,61.05,467491.872
2014,64.65,788935.9
2015,63.18,987214.2
2016,66.69,1105993.0
2017,67.72,1252132.3
2013,55.99,323698.42799999996
2014,53.88,333479.1
2015,57.1,464435.0
2016,59.26,453610.7
2017,57.94,433331.0
2013,52.53,425501.2320000001
2014,52.36,482261.5
2015,54.81,484022.8
2016,53.0,433979.1
2017,54.17,326453.7
2013,47.32,589907.696
2014,47.93,717571.8
2015,51.57,616841.0
2016,50.71,541757.5
2017,52.04,547833.2
2013,58.88,578618.92
2014,55.5,482573.6
2015,56.4,557621.7
2016,57.14,527596.0
2017,58.44,533300.8
2013,57.26,247420.8
2014,52.95,280633.0
2015,53.02,266467.4
2016,54.28,270297.0
2017,66.29,416841.0
2013,59.06,579910.725
2014,58.22,760228.9
2015,59.57,795557.7
2016,61.45,773436.5
2017,61.87,911786.7
2013,50.78,1189698.335
2014,49.51,1374236.8
2015,47.5,1022723.6
2016,49.77,1868159.1
2017,48.86,581269.8
2013,61.26,1105675.038
2014,55.08,1133319.4
2015,55.09,1316505.2
2016,56.2,1224062.0
2017,55.37,1112585.2
2013,96.68,2583769.17
2014,94.14,2850133.0
2015,95.62,3056613.2
2016,95.2,3385321.1
2017,95.8,3724583.8
2013,77.43,1259068.844
2014,68.9,1263806.2
2015,65.72,1171729.6
2016,68.11,1106206.4
2017,63.85,1124726.5
2013,71.65,3321784.334
2014,69.17,1878744.0
2015,73.77,2319001.9
2016,72.88,2178015.8
2017,74.0,1876288.3
2013,61.49,271497.168
2014,70.83,413637.2
2015,71.22,402914.0
2016,72.25,375694.0
2017,74.86,387671.2
2013,55.58,100402.17
2014,52.43,115778.4
2015,52.85,125519.5
2016,56.37,122734.9
2017,57.36,123600.5
2013,58.21,408926.394
2014,54.01,553173.4
2015,52.83,558701.8
2016,51.11,676705.2
2017,52.38,518076.2
2014,56.78,392288.4
2015,58.88,391935.5
2016,59.5,415491.2
2017,61.75,430367.1
2013,89.35,743320.4879999999
2014,83.31,807096.0
2015,82.89,975489.2
2016,80.65,1032646.6
2017,82.67,1146652.1
2013,92.77,14166135.76
2014,90.86,14962023.1
2015,89.95,16190343.6
2016,93.28,13957791.4
2017,95.11,16222774.8
2013,89.79,5429759.335999999
2014,86.17,5634860.8
2015,86.59,5326282.5
2016,85.04,5238318.3
2017,84.26,5801133.6
2013,65.65,765457.7490000001
2014,67.82,847497.1
2015,68.32,895827.9
2016,66.23,1255876.4
2017,70.78,1154877.6
2013,55.1,2034932.172
2013,85.56,13079646.271
2014,87.62,12846124.6
2015,88.61,12350251.3
2016,90.41,12440209.3
2017,88.08,12372126.2
2013,58.57,622144.64
2014,51.73,729456.8
2015,53.67,663716.9
2016,55.66,493058.6
2017,54.91,438062.3
2013,0.0,764976.1
2013,68.59,347742.129
2014,65.36,352592.5
2015,67.53,351250.8
2016,66.66,353172.4
2017,68.31,368301.3
2013,62.18,348385.576
2014,61.1,370978.8
2015,58.85,361722.2
2016,56.84,357619.6
2017,58.58,387595.6
2013,67.92,221644.31699999998
2014,65.68,244854.8
2015,67.17,223315.8
2016,67.53,202417.1
2017,67.47,196125.5
2013,57.51,364642.866
2014,55.17,398980.1
2015,56.61,384682.8
2016,56.16,372142.9
2017,57.07,400943.6
2013,51.68,179071.49000000002
2014,51.45,198384.5
2015,52.18,185609.8
2016,55.38,190850.6
2017,53.34,196376.2
2013,68.44,165752.55
2014,67.25,195228.4
2015,63.43,190996.8
2016,0.0,186608.3
2017,67.26,277701.3
2013,90.44,744809.3099999999
2014,83.89,743064.5
2015,86.48,831433.5
2016,85.15,922377.8
2017,85.48,998489.5
2013,66.13,1602879.168
2014,63.5,1550856.4
2015,64.89,1480596.2
2016,66.38,1633352.4
2017,65.63,1680954.8
2013,90.05,7814805.04
2014,88.04,7864561.9
2015,88.3,9185733.3
2016,89.43,10070176
2017,91.4,13092898.1
2013,62.47,678558.3999999999
2014,56.91,667483.8
2015,57.91,679213.0
2016,61.32,645941.5
2017,57.49,633788.2
2013,0.0,612734.34
2014,100.0,401690.0
2015,95.95,766792.2
2016,94.3,570303.0
2017,96.98,591166.8
2013,78.38,764590.9589999999
2014,78.1,881056.7
2015,76.19,1126301.4
2016,79.12,1117584.5
2017,79.24,1238696.7
2013,65.59,982366.6259999999
2014,59.78,1174156.5
2015,63.03,1062356.1
2016,65.97,1137563.9
2017,62.26,6272346.3
2013,78.2,653183.095
2014,67.85,781152.4
2015,72.55,804993.3
2016,78.9,826601.2
2017,77.02,826577.6
2013,67.25,265893.05
2014,61.32,309132.7
2015,69.71,354069.8
2016,73.05,356533.4
2017,72.3,401220.8
2013,56.3,148600.044
2014,55.37,148038.6
2015,53.52,150063.6
2016,54.18,128236.2
2017,55.93,140524.5
2013,67.4,155537.5
2014,69.74,177619.3
2015,70.92,187941.0
2016,71.52,194079.6
2017,74.91,201052.3
2013,91.95,9088986.6
2014,90.96,10801185.2
2015,89.78,11307638.9
2016,82.98,12281914.7
2017,87.7,14754706
2013,64.28,86892.597
2014,64.45,90101.8
2015,68.47,85468.6
2016,68.45,85381.4
2013,58.38,171545.35400000002
2014,61.44,192363.3
2015,72.69,177819.5
2016,67.79,187344.9
2017,69.07,199296.4
2013,47.98,152236.476
2014,69.9,168527.2
2015,72.85,157613.0
2016,70.04,174602.4
2017,68.84,172765.6
2013,79.59,1190652.3
2014,72.9,976402.5
2015,75.59,1083088.2
2016,72.36,1099456.2
2017,75.36,1034480.6
2013,92.9,505839.1
2014,89.55,536891.6
2015,89.0,520718.4
2016,93.79,500473.6
2017,91.36,519422.7
2013,0.0,1286222.345
2013,70.7,150635.055
2014,64.12,160711.0
2015,65.7,163319.0
2016,67.32,160175.0
2017,75.06,165679.0
2013,63.94,1009789.8999999999
2013,57.5,581533.355
2013,60.68,526716.733
2014,54.13,710595.8
2015,52.66,653608.0
2013,85.77,523340.97
2014,71.37,595854.0
2015,78.04,697751.4
2016,77.19,582098.1
2017,73.34,743663.1
2013,66.66,189855.864
2014,66.87,198241.8
2015,71.7,217895.0
2016,71.49,240956.1
2017,78.34,283598.0
2013,66.47,181826.31
2014,71.94,191289.9
2015,75.24,209565.6
2016,72.71,202769.8
2017,66.51,222681.0
2013,91.74,1292378.0969999998
2014,86.85,1182173.1
2015,88.29,791294.5
2016,89.11,965892.9
2017,88.41,1104390.6
2013,67.97,160204.548
2014,69.82,319322.6
2015,73.59,402523.9
2016,66.72,432879.9
2017,75.75,500289.5
2013,0.0,45379.603500000005
2013,0.0,201885.55500000002
2013,0.0,49424.6455
2013,0.0,322206.55
2013,0.0,116255.61399999999
2013,0.0,84240.16799999999
2013,0.0,46789.389
2013,0.0,5231.534
2013,0.0,33843.375
2013,0.0,6947.994000000001
2013,0.0,12102.948
2013,0.0,40801.799999999996
2014,0.0,32584600
2013,0.0,4905.648
2013,72.02,1175937.818
2014,66.34,1333304.7
2015,67.05,1189497.2
2016,68.64,974326.2
2017,69.34,1138035.2
2013,73.34,2270123.843
2014,69.5,3587167.6
2015,70.72,3018113.2
2016,75.94,3337993.4
2017,78.34,3386385.3
2013,55.03,600587.52
2014,53.38,644671.3
2015,54.62,544184.7
2016,54.02,441294.1
2017,53.99,389308.3
2016,68.05,411172.6
2017,56.96,408034.5
2015,67.83,106082.9
2016,54.78,171033.7
2017,61.76,166608.8
2014,45.4,183518.6
2013,0.0,698956.944
2013,0.0,9495.174
2013,80.1,3358489.4699999997
2014,77.92,3113733.8
2015,81.86,3000585.2
2016,80.22,2330521.6
2017,81.86,2465190.2
2015,0.0,63358.3
2016,0.0,86563.5
2017,0.0,132134.3
2014,0.0,78089.2
2015,0.0,62562.0
2016,0.0,59262.0
2013,0.0,125523.888
2013,71.35,768186.496
2014,69.83,1084282.4
2015,62.13,1386175.0
2016,67.79,761678.8
2017,72.17,1504494.7
2013,0.0,19120.020000000004
2016,0.0,56485.7
2013,67.26,298040.7
2014,62.29,320687.8
2015,62.59,230406.0
2016,61.06,237770.3
2017,61.05,288001.9
2013,61.92,286790.136
2014,61.26,352511.7
2015,57.88,360765.5
2016,58.5,301809.8
2017,59.48,303660.1
2013,0.0,189586.04399999997
2014,64.93,171873.4
2015,0.0,169168.4
2016,0.0,162120.1
2017,0.0,147167.2
2013,65.13,415453.29600000003
2014,61.1,488692.0
2015,74.27,382850.3
2016,68.36,418096.9
2017,68.35,399328.6
2014,60.04,162126.8
2015,66.05,141118.0
2016,64.97,144728.9
2017,64.5,148271.0
2014,56.2,67972.7
2015,58.12,66702.6
2016,0.0,63627.2
2017,67.67,56704.7
2014,62.79,106219.3
2015,61.21,93314.6
2016,62.76,83669.1
2017,62.26,89729.3
2013,0.0,29731.004999999997
2013,64.75,42003.368
2014,53.71,115491.5
2015,0.0,66846.0
2016,0.0,63244.0
2017,0.0,54352.0
2013,56.41,167964.93000000002
2014,41.57,202502.7
2015,64.44,196140.5
2016,69.25,207910.2
2017,80.03,214019.7
2013,64.44,150092.168
2014,67.94,294936.0
2015,69.39,293828.0
2016,69.38,327204.0
2017,66.68,368400.0
2013,58.95,554442.96
2014,56.38,625182.1
2015,53.0,475989.4
2016,53.62,439193.9
2017,54.14,429959.0
2013,0.0,26860.0
2013,63.96,47657.82
2014,64.5,49476.6
2015,65.03,42371.7
2016,61.76,49226.6
2017,64.06,54598.3
2013,0.0,4948.349999999999
2013,0.0,39447.408
2013,60.41,95396.337
2014,67.5,100430.1
2015,67.28,114545.8
2016,69.21,105484.6
2017,65.26,110971.1
2013,65.0,93443.892
2014,58.0,98593.6
2015,0.0,82768.0
2016,0.0,87424.8
2017,0.0,83164.4
2014,69.4,75841.8
2015,70.75,77192.8
2016,65.21,75686.0
2017,64.86,72418.9
2013,67.01,625688.352
2014,72.76,650126.0
2015,72.88,688418.0
2016,71.74,770439.8
2017,73.19,1009160.8
2013,73.41,147205.856
2014,69.04,141411.1
2015,68.38,137102.0
2016,73.37,142898.8
2017,67.29,170884.8
2013,67.2,147617.5365
2013,65.2,803388.69
2014,63.89,1064180.8
2015,60.31,1180788.1
2016,62.39,1002548.2
2017,63.26,1043341.2
2013,0.0,71786.8845
2014,0.0,70178.0
2013,100.0,729021.2999999999
2014,0.0,823590.8
2015,0.0,717154.5
2016,0.0,818541.6
2017,0.0,962108.0
2013,84.82,167481.78699999998
2014,74.92,236358.7
2015,71.55,234688.4
2016,70.18,192987.2
2017,69.51,216625.0
2013,63.58,326447.0
2014,73.22,298028.5
2015,66.5,340724.3
2016,66.9,336055.2
2017,91.33,345057.9
2013,66.42,543257.8990000001
2014,61.91,627588.7
2015,64.8,690499.9
2016,66.63,708919.5
2017,67.66,710591.8
2013,70.65,1589473.9294999999
2014,67.34,2060524.5
2015,68.72,2381777.2
2016,70.38,2351825.4
2017,72.1,2533330.9
2013,0.0,19568.2455
2014,0.0,14389.0
2013,71.94,101290.839
2014,0.0,104891.0
2015,0.0,94615.0
2016,0.0,86184.0
2017,0.0,85747.9
2013,49.32,318179.016
2014,48.15,326012.1
2015,48.58,324497.4
2016,52.39,295939.8
2017,53.49,290280.8
2013,50.0,200257.398
2014,50.01,243635.0
2015,57.63,250581.2
2016,57.59,275268.2
2017,54.76,278395.1
2013,70.0,80752.416
2014,0.0,80551.3
2015,63.22,82233.0
2016,67.5,81134.6
2017,67.0,96561.6
2013,0.0,567124.695
2013,59.92,132048.995
2014,76.1,132041.0
2015,68.56,117566.8
2016,73.5,111975.4
2017,70.83,114454.5
2013,0.0,121257.83799999999
2014,0.0,102815.5
2013,65.95,158363.668
2014,62.59,163000.0
2015,66.77,159664.2
2016,65.11,187064.8
2017,70.34,164023.0
2013,71.0,99489.392
2014,70.0,111271.9
2015,73.0,111638.1
2016,73.0,117622.9
2017,75.0,126349.9
2013,60.07,167048.052
2014,46.78,186762.9
2015,49.99,154207.8
2016,49.31,135790.3
2017,48.52,129623.3
2013,64.5,80695.56599999999
2014,68.1,81261.5
2015,65.0,77782.5
2016,64.75,73679.3
2017,65.79,71310.9
2013,65.75,203261.902
2014,57.3,265308.9
2015,62.21,239595.7
2016,64.17,232364.4
2017,64.42,220218.1
2013,62.15,600354.95
2014,57.52,697960.7
2015,58.51,718105.7
2016,59.42,719225.5
2017,59.31,794073.3
2013,64.09,1513670.4915
2014,60.58,1721303.3
2015,64.41,1668475.6
2016,63.56,1913992.8
2017,64.09,1981915.8
2013,60.14,150135.549
2014,59.6,115407.8
2015,58.81,103371.2
2016,64.29,114386.9
2017,59.64,119948.7
2013,0.0,232100.19
2014,0.0,226094.3
2013,65.2,672031.4330000001
2014,64.94,618428.1
2015,60.08,664892.5
2016,62.03,662417.4
2017,64.03,800334.2
2013,76.7,352111.8
2014,72.7,382846.3
2015,78.5,373428.9
2016,75.4,383238.6
2017,74.0,417013.3
2013,62.11,43070.17999999999
2014,61.13,66903.8
2015,77.12,56014.5
2016,81.28,67774.3
2017,82.75,66453.7
2013,60.0,201009.078
2014,62.5,201773.0
2015,56.0,214147.9
2016,61.68,205983.6
2017,56.2,261960.0
2013,0.0,82595.604
2014,0.0,52296.2
2013,67.99,466133.81499999994
2014,62.32,667059.9
2015,63.43,753721.3
2016,64.74,870578.0
2017,65.61,860323.9
2013,0.0,55777.759999999995
2014,64.38,97622.7
2015,0.0,84447.7
2016,0.0,79763.0
2017,0.0,68179.0
2013,66.7,253630.56
2014,66.7,250516.1
2015,76.5,330477.9
2016,79.0,357267.3
2017,77.8,349664.5
2014,0.0,88046.2
2015,60.91,74347.4
2016,60.72,71183.0
2015,57.85,272246.6
2016,51.67,189589.7
2017,52.9,164213.6
2016,0.0,5784149.8
2017,0.0,6382512.5
2014,100.0,2248103.8
2015,70.04,4377398.8
2016,69.42,4724405.2
2017,64.97,4554190.4
2014,0.0,264274.5
2015,0.0,1913694.3
2016,64.3,1612505.3
2017,60.29,1665959.5
2016,69.76,3861039.2
2017,71.45,3371547.6
